# Von Hand bestätigte Formen, die das Korpus nicht belegt oder die eine Analogie falsch vorhersagt.
# Jede Zeile: Form<TAB>Begründung. Die Rechtschreibprüfung läuft für diese Formen trotzdem.
jem	jeść ist unregelmäßig: jem, jesz, je, jemy, jecie, jedzą
kroję	Verben auf -oić schieben ein j ein: kroić → kroję (wie stoić → stoję)
pokroję	wie kroję
myjesz	einsilbige Verben auf -yć: myć → myję, myjesz (wie pić → piję)
zmyję	wie myję
mrożę	z wird vor -ę zu ż: mrozić → mrożę (wie wozić → wożę)
zjedliśmy	Der Stamm jadł- wird im Plural männlich zu jedl-: jedli, zjedliśmy
bratu	brat gehört zu den Nomen mit Dativ auf -u (bratu, ojcu, panu, psu)
posprzątasz	-ać-Verb: posprzątam, posprzątasz (wie sprzątam, sprzątasz)
piekę	piec: piekę, pieczesz, piecze … pieką (k/cz-Wechsel)
pieczesz	wie piekę
upiekę	wie piekę
sól	Feminine Nomen auf Konsonant: Akkusativ = Nominativ (sól, noc, rzecz)
gościowi	gość → gościowi (Dativ maskulin auf -owi)
dżem	maskulin (ten dżem), Endung auf Konsonant
mikser	maskulin (ten mikser), Endung auf Konsonant
posłodzić	perfektiver Partner von słodzić (Vorsilbe po-)
